no_PO,no_SJ,customer_name,delivery_time
2H1N93919,SJ/SMR/MT/23/I/3035,IDG BINTARA,2023-01-02
2H1N02511,SJ/SMR/MT/23/I/3036,IDG KEMAYORAN,2023-01-02
,SJ/SMR/MT/23/I/0095,IDG CIKOKOL,2023-01-12
3H1N10169,SJ/SMR/MT/23/I/0032,IDM BEKASI,2023-01-05
3H1N17521,SJ/SMR/MT/23/I/0033,IDM YOGYA,2023-01-05
4H1N45829,SJ/SMR/MT/23/I/0034,IDM JATI TERNATE,2023-01-05
4H1N39205,SJ/SMR/MT/23/I/0035,IDM JAKARTA 1,2023-01-05
4H1N39688,SJ/SMR/MT/23/I/0036,IDM LEBAK,2023-01-05
4H1N40437,SJ/SMR/MT/23/I/0037,IDM JAKARTA 2,2023-01-05
5H1N62678,SJ/SMR/MT/23/I/0047,IDG BINTARA,2023-01-05
5H1N62830,SJ/SMR/MT/23/I/0048,IDG TANGERANG,2023-01-05
5H1N70616,SJ/SMR/MT/23/I/0049,IDM KLATEN,2023-01-05
5H1N70033,SJ/SMR/MT/23/I/0050,IDM JAKARTA 1,2023-01-05
5H1N65317,SJ/SMR/MT/23/I/0051,IDM BOGOR 2,2023-01-05
5H1N65124,SJ/SMR/MT/23/I/0052,IDM LEBAK,2023-01-05
5H1N71855,SJ/SMR/MT/23/I/0053,IDM MEDAN,2023-01-05
5H1N69482,SJ/SMR/MT/23/I/0054,IDM BOGOR 2,2023-01-05
5H1N74438,SJ/SMR/MT/23/I/0055,IDM PALEMBANG,2023-01-05
5H1N80705,SJ/SMR/MT/23/I/0056,IDG SAMARINDA,2023-01-05
9H1N51389,SJ/SMR/MT/23/I/0080,IDG BINTARA,2023-01-09
2H1N04004,SJ/SMR/MT/23/I/3037,IDG KARAWANG,2023-01-02
VHCM82226,SJ/SMR/MT/23/I/3033,IDG PALEMBANG,2023-01-02
VHCM73292,SJ/SMR/MT/23/I/3031,IDM LAMPUNG,2023-01-02
5H1N80191,SJ/SMR/MT/23/I/0067,IDG CIPUTAT,2023-01-06
5H1N85037,SJ/SMR/MT/23/I/0068,IDG KEMAYORAN,2023-01-06
5H1N86501,SJ/SMR/MT/23/I/0069,IDG SOLO,2023-01-06
6H1N01901,SJ/SMR/MT/23/I/0070,IDM PARUNG,2023-01-06
9H1N45595,SJ/SMR/MT/23/I/0078,IDG PONTIANAK,2023-01-09
9H1N50719,SJ/SMR/MT/23/I/0079,IDG CIPINANG,2023-01-09
9H1N57370,SJ/SMR/MT/23/I/0081,IDG CIPUTAT,2023-01-09
9H1N62712,SJ/SMR/MT/23/I/0082,IDG KEMAYORAN,2023-01-09
9H1N64252,SJ/SMR/MT/23/I/0083,IDG KARAWANG,2023-01-09
AH1N91745,SJ/SMR/MT/23/I/0087,IDG LAMPUNG,2023-01-10
BH1N2086,SJ/SMR/MT/23/I/0092,IDM ACEH,2023-01-11
BH1N21483,SJ/SMR/MT/23/I/0093,IDG KENDARI,2023-01-11
BH1N26725,SJ/SMR/MT/23/I/0094,IDG SOLO,2023-01-11
CH1N32053,SJ/SMR/MT/23/I/0099,IDG TANGERANG,2023-01-12
CH1N33770,SJ/SMR/MT/23/I/0100,IDM JAKARTA 2,2023-01-12
CH1N41536,SJ/SMR/MT/23/I/0101,IDM PALEMBANG,2023-01-12
CH1N46587,SJ/SMR/MT/23/I/0102,IDG BOGOR,2023-01-12
CH1N47818,SJ/SMR/MT/23/I/0103,IDG SAMARINDA,2023-01-12
CH1N47482,SJ/SMR/MT/23/I/0104,IDG CIPUTAT,2023-01-12
CH1N52395,SJ/SMR/MT/23/I/0105,IDG KEMAYORAN,2023-01-12
EH1N10996,SJ/SMR/MT/23/I/0120,IDG PONTIANAK,2023-01-16
GH1N34389,SJ/SMR/MT/23/I/0121,IDG KEMAYORAN,2023-01-16
GH1N38030,SJ/SMR/MT/23/I/0122,IDG KARAWANG,2023-01-16
VHCM76032,SJ/SMR/MT/23/I/3030,IDM JATI TERNATE,2023-01-02
VHCM75465,SJ/SMR/MT/23/I/3032,IDM PALEMBANG,2023-01-02
VHCM75465,SJ/SMR/MT/23/I/3032,IDM PALEMBANG,2023-01-02
VHCM90291,SJ/SMR/MT/23/I/3034,IDG SOLO,2023-01-02
VHCM90291,SJ/SMR/MT/23/I/3034,IDG SOLO,2023-01-02
HH1N71036,SJ/SMR/MT/23/I/0125,IDG SOLO,2023-01-17
UH1N92273,SJ/SMR/MT/23/I/0210,IDG BOGOR,2023-01-30
UH1N87295,SJ/SMR/MT/23/I/0211,IDG BINTARA,2023-01-30
UH1N87193,SJ/SMR/MT/23/I/0212,IDG TANGERANG,2023-01-30
SH1N79016,SJ/SMR/MT/23/I/0213,IDG PONTIANAK,2023-01-30
SH1N71099,SJ/SMR/MT/23/I/0214,IDM DEPO BANGKA,2023-01-30
QH1N15466,SJ/SMR/MT/23/I/0184,IDG KARAWANG,2023-01-26
QH1N06884,SJ/SMR/MT/23/I/0185,IDG CIPUTAT,2023-01-26
QH1N07395,SJ/SMR/MT/23/I/0186,IDG SAMARINDA,2023-01-26
QH1N91837,SJ/SMR/MT/23/I/0187,IDM TANGERANG 2,2023-01-26
QH1N91837,SJ/SMR/MT/23/I/0187,IDM TANGERANG 2,2023-01-26
QH1N98464,SJ/SMR/MT/23/I/0188,IDM LEBAK,2023-01-26
QH1N97601,SJ/SMR/MT/23/I/0189,IDM SURABAYA,2023-01-26
QH1N91778,SJ/SMR/MT/23/I/0190,IDM SEMARANG,2023-01-26
QH1N98115,SJ/SMR/MT/23/I/0191,IDM MEDAN,2023-01-26
QH1N91323,SJ/SMR/MT/23/I/0192,IDM KLATEN,2023-01-26
JH1N13631,SJ/SMR/MT/23/I/0140,IDM KLATEN,2023-01-19
JH1N35406,SJ/SMR/MT/23/I/0152,IDM LAMPUNG,2023-01-20
JH1N44281,SJ/SMR/MT/23/I/0160,IDM PALEMBANG,2023-01-20
2H2N98621,SJ/SMR/MT/23/II/0262,IDM BENGKULU,2023-02-03
JH1N10943,SJ/SMR/MT/23/I/0138,IDG BINTARA,2023-01-19
JH1N27456,SJ/SMR/MT/23/I/0142,IDG KARAWANG,2023-01-19
JH1N13159,SJ/SMR/MT/23/I/0139,IDM JAKARTA 1,2023-01-19
JH1N43026,SJ/SMR/MT/23/I/0154,IDM TANGERANG 1,2023-01-20
JH1N43026,SJ/SMR/MT/23/I/0155,IDM TANGERANG 1,2023-01-20
NH1N0173,SJ/SMR/MT/23/I/0167,IDG BINTARA,2023-01-23
LH1N78361,SJ/SMR/MT/23/I/0166,IDM TANGERANG 2,2023-01-23
LH1N74059,SJ/SMR/MT/23/I/0165,IDM BOGOR 2,2023-01-23
LH1N74059,SJ/SMR/MT/23/I/0165,IDM BOGOR 2,2023-01-23
JH1N40989,SJ/SMR/MT/23/I/0158,IDM BANDUNG,2023-01-20
JH1N25334,SJ/SMR/MT/23/I/0141,IDG KEMAYORAN,2023-01-19
VH1N07208,SJ/SMR/MT/23/II/0219,IDG YOGYA,2023-01-31
VH1N24566,SJ/SMR/MT/23/II/0220,IDG PALEMBANG,2023-01-31
NH1N05096,SJ/SMR/MT/23/I/0168,IDG CIPUTAT,2023-01-23
VH1N30665,SJ/SMR/MT/23/II/0221,IDG LAMPUNG,2023-01-31
VH1N30665,SJ/SMR/MT/23/II/0221,IDG LAMPUNG,2023-01-31
6H2N96418,SJ/SMR/MT/23/II/0277,IDG PONTIANAK,2023-02-07
7H2N98128,SJ/SMR/MT/23/II/0278,IDG YOGYA,2023-02-07
7H2N98128,SJ/SMR/MT/23/II/0278,IDG YOGYA,2023-02-07
RH1N27969,SJ/SMR/MT/23/I/0201,IDM JAKARTA 2,2023-01-27
6H2N88368,SJ/SMR/MT/23/II/0273,IDG KEMAYORAN,2023-02-06
1H2N44627,SO/SMR/MT/23/II/0229,IDM PARUNG,2023-02-01
1H2N44627,SO/SMR/MT/23/II/0229,IDM PARUNG,2023-02-01
1H2N46087,SO/SMR/MT/23/II/0230,IDM JAKARTA 1,2023-02-01
1H2N46087,SO/SMR/MT/23/II/0230,IDM JAKARTA 1,2023-02-01
1H2N63610,SJ/SMR/MT/23/II/0231,IDG PALEMBANG,2023-02-01
IH1N04268,SJ/SMR/MT/23/I/0134,IDG SOLO,2023-01-18
2H2N95370,SJ/SMR/MT/23/II/0236,IDG KARAWANG,2023-02-02
2H2N88942,SJ/SMR/MT/23/II/0237,IDG CIPUTAT,2023-02-02
2H2N89246,SJ/SMR/MT/23/II/0238,IDG SAMARINDA,2023-02-02
2H2N89246,SJ/SMR/MT/23/II/0238,IDG SAMARINDA,2023-02-02
2H2N80714,SJ/SMR/MT/23/II/0239,IDM SURABAYA,2023-02-02
2H2N80981,SJ/SMR/MT/23/II/0240,IDM PALEMBANG,2023-02-02
2H2N72371,SJ/SMR/MT/23/II/0241,IDM BOGOR 2,2023-02-02
2H2N71204,SJ/SMR/MT/23/II/0242,IDG BINTARA,2023-02-02
2H2N70922,SJ/SMR/MT/23/II/0243,IDG CIPINANG,2023-02-02
2H2N70142,SJ/SMR/MT/23/II/0244,IDG TANGERANG,2023-02-02
3H2N06122,SJ/SMR/MT/23/II/0261,IDM MALANG,2023-02-03
DH2N65961,SJ/SMR/MT/23/II/0316,IDG KARAWANG,2023-02-13
DH2N60812,SJ/SMR/MT/23/II/0317,IDG CIPUTAT,2023-02-13
BH2N49274,SJ/SMR/MT/23/II/0318,IDG PONTIANAK,2023-02-13
BH2N49067,SJ/SMR/MT/23/II/0319,IDG PEKANBARU,2023-02-13
BH2N35861,SJ/SMR/MT/23/II/0320,IDM JAKARTA 1,2023-02-13
BH2N34843,SJ/SMR/MT/23/II/0321,IDM MALANG,2023-02-13
BH2N26580,SJ/SMR/MT/23/II/0322,IDM PARUNG,2023-02-13
BH2N28239,SJ/SMR/MT/23/II/0323,IDM PONTIANAK,2023-02-13
BH2N28239,SJ/SMR/MT/23/II/0323,IDM PONTIANAK,2023-02-13
DH2N67775,SJ/SMR/MT/23/II/0324,IDG MANADO,2023-02-13
DH2N70993,SJ/SMR/MT/23/II/0333,IDG MANADO,2023-02-14
8H2N31270,SJ/SMR/MT/23/II/0284,IDG MEDAN,2023-02-09
7H2N29882,SJ/SMR/MT/23/II/0285,IDG JAMBI,2023-02-09
7H2N29882,SJ/SMR/MT/23/II/0285,IDG JAMBI,2023-02-09
8H2N62084,SJ/SMR/MT/23/II/0287,IDG JAMBI,2023-02-09
8H2N62529,SJ/SMR/MT/23/II/0288,IDG JAMBI,2023-02-09
9H2N65610,SJ/SMR/MT/23/II/0289,IDG TANGERANG,2023-02-09
9H2N66079,SJ/SMR/MT/23/II/0290,IDG BINTARA,2023-02-09
9H2N68795,SJ/SMR/MT/23/II/0291,IDM JAKARTA 1,2023-02-09
9H2N71310,SJ/SMR/MT/23/II/0292,IDM GRESIK,2023-02-09
9H2N74839,SJ/SMR/MT/23/II/0293,IDM BOGOR 1,2023-02-09
9H2N75911,SJ/SMR/MT/23/II/0294,IDM MEDAN,2023-02-09
9H2N76258,SJ/SMR/MT/23/II/0295,IDM TANGERANG 1,2023-02-09
9H2N89490,SJ/SMR/MT/23/II/0296,IDG KEMAYORAN,2023-02-09
9H2N89389,SJ/SMR/MT/23/II/0297,IDG SEMARANG,2023-02-09
9H2N89389,SJ/SMR/MT/23/II/0297,IDG SEMARANG,2023-02-09
9H2N91697,SJ/SMR/MT/23/II/0298,IDG KARAWANG,2023-02-09
9H2N74383,SJ/SMR/MT/23/II/0299,IDM LAMPUNG,2023-02-09
9H2N75188,SJ/SMR/MT/23/II/0300,IDM PALEMBANG,2023-02-09
GH2N69068,SJ/SMR/MT/23/II/0342,IDG KARAWANG,2023-02-16
GH2N55778,SJ/SMR/MT/23/II/0343,IDM PALEMBANG,2023-02-16
GH2N50590,SJ/SMR/MT/23/II/0344,IDM TANGERANG 2,2023-02-16
GH2N50590,SJ/SMR/MT/23/II/0344,IDM TANGERANG 2,2023-02-16
GH2N50055,SJ/SMR/MT/23/II/0345,IDM BANDUNG,2023-02-16
GH2N47617,SJ/SMR/MT/23/II/0346,IDM GRESIK,2023-02-16
GH2N51946,SJ/SMR/MT/23/II/0347,IDM MEDAN,2023-02-16
GH2N46391,SJ/SMR/MT/23/II/0348,IDM TANGERANG 1,2023-02-16
GH2N46391,SJ/SMR/MT/23/II/0348,IDM TANGERANG 1,2023-02-16
GH2N56299,SJ/SMR/MT/23/II/0349,IDM JEMBER,2023-02-16
GH2N46131,SJ/SMR/MT/23/II/0350,IDM JAKARTA 2,2023-02-16
GH2N48511,SJ/SMR/MT/23/II/0351,IDM MALANG,2023-02-16
GH2N42957,SJ/SMR/MT/23/II/0353,IDG BINTARA,2023-02-16
GH2N42010,SJ/SMR/MT/23/II/0354,IDG TANGERANG,2023-02-16
GH2N48562,SJ/SMR/MT/23/II/0352,IDM BENGKULU,2023-02-16
RH2N31051,SJ/SMR/MT/23/II/0399,IDG KARAWANG,2023-02-28
RH2N38460,SJ/SMR/MT/23/II/0404,IDG JAMBI,2023-02-28
RH2N38460,SJ/SMR/MT/23/II/0404,IDG JAMBI,2023-02-28
SH2N46214,SJ/SMR/MT/23/II/0405,IDM JAKARTA 1,2023-02-28
SH2N64487,SJ/SMR/MT/23/II/0406,IDG SOLO,2023-03-01
NH2N45900,SJ/SMR/MT/23/II/0375,IDG KEMAYORAN,2023-02-24
NH2N40732,SJ/SMR/MT/23/II/0376,IDG CIPUTAT,2023-02-23
NH2N35113,SJ/SMR/MT/23/II/0377,IDM PALEMBANG,2023-02-24
NH2N29481,SJ/SMR/MT/23/II/0378,IDM BOGOR 2,2023-02-23
NH2N29481,SJ/SMR/MT/23/II/0378,IDM BOGOR 2,2023-02-23
NH2N29491,SJ/SMR/MT/23/II/0379,IDM BOGOR 2,2023-02-23
NH2N28154,SJ/SMR/MT/23/II/0380,IDM KLATEN,2023-02-24
NH2N22739,SJ/SMR/MT/23/II/0382,IDG BINTARA,2023-02-23
NH2N23106,SJ/SMR/MT/23/II/0381,IDG CIPINANG,2023-02-24
NH2N22309,SJ/SMR/MT/23/II/0383,IDG TANGERANG,2023-02-23
2H3N15994,SJ/SMR/MT/23/III/0432,IDM BATAM,2023-03-03
2H3N15994,SJ/SMR/MT/23/III/0432,IDM BATAM,2023-03-03
2H3N25789,SJ/SMR/MT/23/III/0424,IDG CIKOKOL,2023-03-02
2H3N32815,SJ/SMR/MT/23/III/0422,IDG KARAWANG,2023-03-02
2H3N29614,SJ/SMR/MT/23/III/0423,IDG KEMAYORAN,2023-03-02
2H3N22164,SJ/SMR/MT/23/III/0425,IDG CIPUTAT,2023-03-02
2H3N22999,SJ/SMR/MT/23/III/0426,IDG SAMARINDA,2023-03-02
2H3N17460,SJ/SMR/MT/23/III/0427,IDM BANDUNG,2023-03-02
2H3N17460,SJ/SMR/MT/23/III/0427,IDM BANDUNG,2023-03-02
2H3N17387,SJ/SMR/MT/23/III/0428,IDM JOMBANG,2023-03-02
2H3N17387,SJ/SMR/MT/23/III/0428,IDM JOMBANG,2023-03-02
2H3N17219,SJ/SMR/MT/23/III/0429,IDM SURABAYA,2023-03-02
2H3N17160,SJ/SMR/MT/23/III/0430,IDM CIREBON,2023-03-02
2H3N06504,SJ/SMR/MT/23/III/0431,IDM LEBAK,2023-03-02
2H3N15933,SJ/SMR/MT/23/III/0433,IDM BEKASI,2023-03-02
2H3N15933,SJ/SMR/MT/23/III/0433,IDM BEKASI,2023-03-02
2H3N15836,SJ/SMR/MT/23/III/0434,IDM GRESIK,2023-03-02
2H3N15836,SJ/SMR/MT/23/III/0434,IDM GRESIK,2023-03-02
2H3N15754,SJ/SMR/MT/23/III/0435,IDM PEKANBARU,2023-03-02
2H3N13110,SJ/SMR/MT/23/III/0436,IDM JAKARTA 1,2023-03-02
2H3N05202,SJ/SMR/MT/23/III/0437,IDM LAMPUNG,2023-03-02
2H3N03047,SJ/SMR/MT/23/III/0438,IDG BINTARA,2023-03-02
2H3N02875,SJ/SMR/MT/23/III/0439,IDG CIPINANG,2023-03-02
3H3N53333,SJ/SMR/MT/23/III/0447,IDM PARUNG,2023-03-03
3H3N53021,SJ/SMR/MT/23/III/0448,IDM PEKANBARU,2023-03-03
2H3N44443,SJ/SMR/MT/23/III/0449,IDM BENGKULU,2023-03-03
6H3N14922,SJ/SMR/MT/23/III/0459,IDG KARAWANG,2023-03-06
6H3N14047,SJ/SMR/MT/23/III/0460,IDG KEMAYORAN,2023-03-06
6H3N09400,SJ/SMR/MT/23/III/0461,IDG CIPUTAT,2023-03-06
6H3N04136,SJ/SMR/MT/23/III/0462,IDG TANGERANG,2023-03-06
4H3N00181,SJ/SMR/MT/23/III/0463,IDG SOLO,2023-03-06
7H3N31941,SJ/SMR/MT/23/III/0468,IDM JAKARTA 1,2023-03-07
7H3N31941,SJ/SMR/MT/23/III/0468,IDM JAKARTA 1,2023-03-07
7H3N45635,SJ/SMR/MT/23/III/0469,IDG SOLO,2023-03-07
DH3N96123,SJ/SMR/MT/23/III/0523,IDG PONTIANAK,2023-03-14
GH2N48562,SJ/SMR/MT/23/II/0352,IDM BENGKULU,2023-02-16
DH3N87511,SJ/SMR/MT/23/III/0516,IDG KARAWANG,2023-03-13
DH3N76664,SJ/SMR/MT/23/III/0518,IDG TANGERANG,2023-03-13
AH3N38618,SJ/SMR/MT/23/III/0503,IDG KEMAYORAN,2023-03-10
AH3N40392,SJ/SMR/MT/23/III/0504,IDG SOLO,2023-03-10
9H3N08288,SJ/SMR/MT/23/III/0487,IDG CIPUTAT,2023-03-09
9H3N07919,SJ/SMR/MT/23/III/0488,IDG BOGOR,2023-03-09
9H3N03304,SJ/SMR/MT/23/III/0489,IDM PALEMBANG,2023-03-09
9H3N02890,SJ/SMR/MT/23/III/0490,IDM TANGERANG 2,2023-03-09
9H3N01645,SJ/SMR/MT/23/III/0491,IDM TANGERANG 2,2023-03-09
9H3N01645,SJ/SMR/MT/23/III/0491,IDM TANGERANG 1,2023-03-09
9H3N01656,SJ/SMR/MT/23/III/0492,IDM TANGERANG 1,2023-03-09
9H3N00939,SJ/SMR/MT/23/III/0493,IDM JAKARTA 2,2023-03-09
9H3N00939,SJ/SMR/MT/23/III/0493,IDM JAKARTA 2,2023-03-09
9H3N99923,SJ/SMR/MT/23/III/0494,IDM BOGOR 1,2023-03-09
9H3N99923,SJ/SMR/MT/23/III/0494,IDM BOGOR 1,2023-03-09
9H3N01932,SJ/SMR/MT/23/III/0496,IDM PEKANBARU,2023-03-09
9H3N01932,SJ/SMR/MT/23/III/0496,IDM PEKANBARU,2023-03-09
9H3N99111,SJ/SMR/MT/23/III/0497,IDM BOGOR 2,2023-03-09
9H3N97101,SJ/SMR/MT/23/III/0498,IDM PARUNG,2023-03-09
9H3N96273,SJ/SMR/MT/23/III/0499,IDM BENGKULU,2023-03-09
9H3N89136,SJ/SMR/MT/23/III/0500,IDG BINTARA,2023-03-09
7H3N56508,SJ/SMR/MT/23/III/0480,IDG JAMBI,2023-03-08
7H3N56508,SJ/SMR/MT/23/III/0480,IDG JAMBI,2023-03-08
EH3N28789,SJ/SMR/MT/23/III/0530,IDG KENDARI,2023-03-15
FH3N50082,SJ/SMR/MT/23/III/0531,IDG KENDARI,2023-03-15
FH3N30906,SJ/SMR/MT/23/III/0532,IDG CIPINANG,2023-03-15
HH3N17515,SJ/SMR/MT/23/III/0561,IDG SOLO,2023-03-17
HH3N04715,SJ/SMR/MT/23/III/0562,IDM BANDUNG,2023-03-17
GH3N87064,SJ/SMR/MT/23/III/0538,IDG KARAWANG,2023-03-16
GH3N84387,SJ/SMR/MT/23/III/0539,IDG KEMAYORAN,2023-03-16
GH3N77413,SJ/SMR/MT/23/III/0540,IDG CIPUTAT,2023-03-16
GH3N78072,SJ/SMR/MT/23/III/0541,IDG SAMARINDA,2023-03-16
GH3N77536,SJ/SMR/MT/23/III/0542,IDG BOGOR,2023-03-16
GH3N77536,SJ/SMR/MT/23/III/0542,IDG BOGOR,2023-03-16
GH3N64864,SJ/SMR/MT/23/III/0543,IDM TANGERANG 2,2023-03-16
GH3N70730,SJ/SMR/MT/23/III/0544,IDM SURABAYA,2023-03-16
GH3N69630,SJ/SMR/MT/23/III/0545,IDM KLATEN,2023-03-16
GH3N69295,SJ/SMR/MT/23/III/0546,IDM PALEMBANG,2023-03-16
GH3N64500,SJ/SMR/MT/23/III/0547,IDM SEMARANG,2023-03-16
GH3N63661,SJ/SMR/MT/23/III/0548,IDM BOGOR 1,2023-03-16
GH3N63661,SJ/SMR/MT/23/III/0548,IDM BOGOR 1,2023-03-16
GH3N64706,SJ/SMR/MT/23/III/0549,IDM JAKARTA 1,2023-03-16
GH3N59239,SJ/SMR/MT/23/III/0550,IDG BINTARA,2023-03-16
KH3N70456,SJ/SMR/MT/23/III/0573,IDG KEMAYORAN,2023-03-20
KH3N80276,SJ/SMR/MT/23/III/0566,IDG JAMBI,2023-03-21
LH3N08572,SJ/SMR/MT/23/III/0578,IDG LAMPUNG,2023-03-21
LH3N02908,SJ/SMR/MT/23/III/0579,IDG CIPUTAT,2023-03-21
LH3N93806,SJ/SMR/MT/23/III/0581,IDM JAKARTA 1,2023-03-21
KH3N81681,SJ/SMR/MT/23/III/0582,IDG PONTIANAK,2023-03-21
KH3N81681,SJ/SMR/MT/23/III/0582,IDG PONTIANAK,2023-03-21
MH3N16926,SJ/SMR/MT/23/III/0585,IDG BINTARA,2023-03-23
LH3N03538,SJ/SMR/MT/23/III/0580,IDG SAMARINDA,2023-03-21
RH3N37229,SJ/SMR/MT/23/III/0616,IDG KARAWANG,2023-03-28
MH3N36721,SJ/SMR/MT/23/III/0586,IDG BOGOR,2023-03-23
OH3N65929,SJ/SMR/MT/23/III/0599,IDM TANGERANG 2,2023-03-24
OH3N65929,SJ/SMR/MT/23/III/0599,IDM TANGERANG 2,2023-03-24
OH3N67009,SJ/SMR/MT/23/III/0600,IDM LEBAK,2023-03-24
OH3N61956,SJ/SMR/MT/23/III/0601,IDM LAMPUNG,2023-03-24
OH3N59494,SJ/SMR/MT/23/III/0602,IDM JAKARTA 2,2023-03-24
OH3N62250,SJ/SMR/MT/23/III/0603,IDM PARUNG,2023-03-24
OH3N65585,SJ/SMR/MT/23/III/0604,IDM TANGERANG 1,2023-03-24
OH3N65606,SJ/SMR/MT/23/III/0605,IDM TANGERANG 1,2023-03-24
OH3N57190,SJ/SMR/MT/23/III/0606,IDM BOGOR 2,2023-03-24
OH3N57191,SJ/SMR/MT/23/III/0607,IDM BOGOR 2,2023-03-24
OH3N63546,SJ/SMR/MT/23/III/0608,IDM BOGOR 1,2023-03-24
OH3N63548,SJ/SMR/MT/23/III/0609,IDM BOGOR 1,2023-03-24
TH3N07622,SJ/SMR/MT/23/III/0634,IDG BOGOR,2023-03-29
TH3N12314,SJ/SMR/MT/23/III/0635,IDM ACEH,2023-03-29
UH3N48463,SJ/SMR/MT/23/III/0641,IDG KARAWANG,2023-03-30
UH3N47360,SJ/SMR/MT/23/III/0642,IDG KEMAYORAN,2023-03-30
UH3N42019,SJ/SMR/MT/23/III/0643,IDG CIPUTAT,2023-03-30
UH3N42418,SJ/SMR/MT/23/III/0644,IDG SAMARINDA,2023-03-30
UH3N33003,SJ/SMR/MT/23/III/0646,IDM PALEMBANG,2023-03-30
UH3N33008,SJ/SMR/MT/23/III/0647,IDM PALEMBANG,2023-03-30
UH3N33008,SJ/SMR/MT/23/III/0647,IDM PALEMBANG,2023-03-30
UH3N33008,SJ/SMR/MT/23/III/0647,IDM PALEMBANG,2023-03-30
UH3N32475,SJ/SMR/MT/23/III/0649,IDM LAMPUNG,2023-03-30
UH3N29393,SJ/SMR/MT/23/III/0650,IDM JEMBER,2023-03-30
UH3N57138,SJ/SMR/MT/23/III/0655,IDG PONTIANAK,2023-03-31
UH3N57138,SJ/SMR/MT/23/III/0655,IDG PONTIANAK,2023-03-31
UH3N57138,SJ/SMR/MT/23/III/0655,IDG PONTIANAK,2023-03-31
UH3N57138,SJ/SMR/MT/23/III/0655,IDG PONTIANAK,2023-03-31
UH3N57138,SJ/SMR/MT/23/III/0655,IDG PONTIANAK,2023-03-31
TH3N12315,SJ/SMR/MT/23/III/0636,IDM ACEH,2023-03-31
3H4N40534,SJ/SMR/MT/23/IV/0677,IDG KARAWANG,2023-04-03
3H4N34983,SJ/SMR/MT/23/IV/0676,IDG CIPUTAT,2023-04-03
4H4N78192,SJ/SMR/MT/23/IV/0682,IDG JAMBI,2023-04-05
4H4N61366,SJ/SMR/MT/23/IV/0683,IDM CIREBON,2023-04-04
4H4N61366,SJ/SMR/MT/23/IV/0683,IDM CIREBON,2023-04-04
4H4N62387,SJ/SMR/MT/23/IV/0684,IDM GRESIK,2023-04-04
4H4N70633,SJ/SMR/MT/23/IV/0685,IDG PALEMBANG,2023-04-04
4H4N54582,SJ/SMR/MT/23/IV/0686,IDM KLATEN,2023-04-04
4H4N54582,SJ/SMR/MT/23/IV/0686,IDM KLATEN,2023-04-04
4H4N63060,SJ/SMR/MT/23/IV/0687,IDM PARUNG,2023-04-04
4H4N63060,SJ/SMR/MT/23/IV/0687,IDM PARUNG,2023-04-04
4H4N60191,SJ/SMR/MT/23/IV/0688,IDM LAMPUNG,2023-04-04
4H4N60191,SJ/SMR/MT/23/IV/0688,IDM LAMPUNG,2023-04-04
4H4N57799,SJ/SMR/MT/23/IV/0689,IDM BEKASI,2023-04-04
4H4N57804,SJ/SMR/MT/23/IV/0690,IDM BEKASI,2023-04-04
5H4N98516,SJ/SMR/MT/23/IV/0705,IDM GRESIK,2023-04-05
5H4N98516,SJ/SMR/MT/23/IV/0705,IDM GRESIK,2023-04-05
5H4N97823,SJ/SMR/MT/23/IV/0707,IDM YOGYA,2023-04-05
5H4N99698,SJ/SMR/MT/23/IV/0706,IDM SURABAYA,2023-04-05
5H4N99698,SJ/SMR/MT/23/IV/0706,IDM SURABAYA,2023-04-05
VH3N98351,SJ/SMR/MT/23/IV/0692,IDG BATAM,2023-04-06
VH3N98352,SJ/SMR/MT/23/IV/0693,IDG BATAM,2023-04-06
AH4N14176,SJ/SMR/MT/23/IV/0755,IDG KARAWANG,2023-04-10
AH4N08435,SJ/SMR/MT/23/IV/0756,IDG CIPUTAT,2023-04-10
AH4N02726,SJ/SMR/MT/23/IV/0757,IDM MEDAN,2023-04-10
AH4N02726,SJ/SMR/MT/23/IV/0757,IDM MEDAN,2023-04-10
AH4N01827,SJ/SMR/MT/23/IV/0758,IDM SURABAYA,2023-04-10
AH4N98956,SJ/SMR/MT/23/IV/0759,IDM BOGOR 2,2023-04-10
AH4N97977,SJ/SMR/MT/23/IV/0760,IDG CIPINANG,2023-04-11
7H4N76795,SJ/SMR/MT/23/IV/0761,IDG KEMAYORAN,2023-04-11
7H4N76869,SJ/SMR/MT/23/IV/0762,IDG PEKANBARU,2023-04-10
7H4N66800,SJ/SMR/MT/23/IV/0763,IDM MEDAN,2023-04-10
7H4N66800,SJ/SMR/MT/23/IV/0763,IDM MEDAN,2023-04-10
7H4N64399,SJ/SMR/MT/23/IV/0764,IDM JAKARTA 1,2023-04-10
7H4N64399,SJ/SMR/MT/23/IV/0764,IDM JAKARTA 1,2023-04-10
7H4N61848,SJ/SMR/MT/23/IV/0765,IDM SEMARANG,2023-04-10
7H4N55909,SJ/SMR/MT/23/IV/0766,IDM KLATEN,2023-04-10
6H4N42916,SJ/SMR/MT/23/IV/0723,IDG KARAWANG,2023-04-06
6H4N36939,SJ/SMR/MT/23/IV/0725,IDG SAMARINDA,2023-04-06
6H4N31555,SJ/SMR/MT/23/IV/0726,IDM MEDAN,2023-04-06
6H4N30365,SJ/SMR/MT/23/IV/0727,IDM BOGOR 1,2023-04-06
6H4N30954,SJ/SMR/MT/23/IV/0728,IDM SURABAYA,2023-04-06
6H4N31554,SJ/SMR/MT/23/IV/0729,IDM MEDAN,2023-04-06
6H4N31554,SJ/SMR/MT/23/IV/0729,IDM MEDAN,2023-04-06
6H4N29826,SJ/SMR/MT/23/IV/0730,IDM TANGERANG 1,2023-04-06
6H4N27008,SJ/SMR/MT/23/IV/0731,IDM MALANG,2023-04-06
6H4N223235,SJ/SMR/MT/23/IV/0732,IDM BOGOR 2,2023-04-06
6H4N21413,SJ/SMR/MT/23/IV/0733,IDM KLATEN,2023-04-06
6H4N21413,SJ/SMR/MT/23/IV/0733,IDM KLATEN,2023-04-06
6H4N21414,SJ/SMR/MT/23/IV/0734,IDM KLATEN,2023-04-06
6H4N23889,SJ/SMR/MT/23/IV/0735,IDM PEKANBARU,2023-04-06
6H4N26628,SJ/SMR/MT/23/IV/0736,IDM JAKARTA 1,2023-04-06
6H4N21706,SJ/SMR/MT/23/IV/0737,IDM BANDUNG,2023-04-06
6H4N16839,SJ/SMR/MT/23/IV/0738,IDG BINTARA,2023-04-06
6H4N44522,SJ/SMR/MT/23/IV/0742,IDM BENGKULU,2023-04-06
6H4N44523,SJ/SMR/MT/23/IV/0743,IDM BENGKULU,2023-04-06
AH4N21798,SJ/SMR/MT/23/IV/0777,IDG PONTIANAK,2023-04-11
BH4N34707,SJ/SMR/MT/23/IV/0776,IDM JEMBER,2023-04-11
BH4N36835,SJ/SMR/MT/23/IV/0775,IDM JAKARTA 1,2023-04-11
BH4N36834,SJ/SMR/MT/23/IV/0774,IDM JAKARTA 1,2023-04-11
BH4N38023,SJ/SMR/MT/23/IV/0773,IDM MEDAN,2023-04-11
BH4N39978,SJ/SMR/MT/23/IV/0772,IDM SEMARANG,2023-04-11
CH4N75039,SJ/SMR/MT/23/IV/0789,IDG KENDARI,2023-04-12
CH4N71947,SJ/SMR/MT/23/IV/0791,IDM SURABAYA,2023-04-12
CH4N70615,SJ/SMR/MT/23/IV/0795,IDM ACEH,2023-04-12
CH4N72139,SJ/SMR/MT/23/IV/0790,IDM GRESIK,2023-04-12
CH4N67695,SJ/SMR/MT/23/IV/0792,IDM JOMBANG,2023-04-12
CH4N67708,SJ/SMR/MT/23/IV/0794,IDM PURWAKARTA,2023-04-12
CH4N68705,SJ/SMR/MT/23/IV/0793,IDM BEKASI,2023-04-12
DH4N95630,SJ/SMR/MT/23/IV/0817,IDM BENGKULU,2023-04-13
DH4N98343,SJ/SMR/MT/23/IV/0815,IDM JAKARTA 2,2023-04-13
DH4N01891,SJ/SMR/MT/23/IV/0811,IDM TANGERANG 1,2023-04-13
DH4N00456,SJ/SMR/MT/23/IV/0812,IDM TANGERANG 2,2023-04-13
DH4N04014,SJ/SMR/MT/23/IV/0810,IDM MALANG,2023-04-13
DH4N00457,SJ/SMR/MT/23/IV/0813,IDM TANGERANG 2,2023-04-13
DH4N98342,SJ/SMR/MT/23/IV/0814,IDM JAKARTA 2,2023-04-13
DH4N98680,SJ/SMR/MT/23/IV/0816,IDM PEKANBARU,2023-04-13
DH4N98680,SJ/SMR/MT/23/IV/0816,IDM PEKANBARU,2023-04-13
DH4N17782,SJ/SMR/MT/23/IV/0807,IDG KARAWANG,2023-04-13
DH4N11272,SJ/SMR/MT/23/IV/0809,IDG CIPUTAT,2023-04-13
DH4N13149,SJ/SMR/MT/23/IV/0808,IDG CIKOKOL,2023-04-13
EH4N36555,SJ/SMR/MT/23/IV/0829,IDM MALANG,2023-04-14
EH4N30549,SJ/SMR/MT/23/IV/0824,IDM PARUNG,2023-04-14
EH4N33032,SJ/SMR/MT/23/IV/0828,IDM JOMBANG,2023-04-14
EH4N30564,SJ/SMR/MT/23/IV/0827,IDM LEBAK,2023-04-14
EH4N30564,SJ/SMR/MT/23/IV/0827,IDM LEBAK,2023-04-14
3023285,SJ/SMR/MT/23/IV/0830,IDM BENGKULU,2023-04-14
DH4N24831,SJ/SMR/MT/23/IV/0831,IDG PONTIANAK,2023-04-14
EH4N54010,SJ/SMR/MT/23/IV/0839,IDG BANJARMASIN,2023-04-17
FH4N87679,SJ/SMR/MT/23/IV/0840,IDG JAMBI,2023-04-17
IH4N23484,SJ/SMR/MT/23/IV/0850,IDM BANDUNG,2023-04-18
IH4N24941,SJ/SMR/MT/23/IV/0849,IDM BEKASI,2023-04-18
IH4N20551,SJ/SMR/MT/23/IV/0851,IDM GRESIK,2023-04-18
JH4N50850,SJ/SMR/MT/23/IV/0853,IDM JAKARTA 2,2023-04-19
KH4N82531,SJ/SMR/MT/23/IV/0860,IDM BEKASI,2023-04-20
KH4N79788,SJ/SMR/MT/23/IV/0867,IDM BOGOR 1,2023-04-20
KH4N79660,SJ/SMR/MT/23/IV/0866,IDM BOGOR 1,2023-04-20
KH4N81826,SJ/SMR/MT/23/IV/0864,IDM MALANG,2023-04-20
KH4N78353,SJ/SMR/MT/23/IV/0865,IDM GRESIK,2023-04-20
KH4N81055,SJ/SMR/MT/23/IV/0861,IDM LEBAK,2023-04-20
KH4N80768,SJ/SMR/MT/23/IV/0863,IDM JAKARTA 2,2023-04-20
KH4N80754,SJ/SMR/MT/23/IV/0862,IDM JAKARTA 2,2023-04-20
KH4N82530,SJ/SMR/MT/23/IV/0859,IDM BEKASI,2023-04-20
RH4N94624,SJ/SMR/MT/23/IV/0883,IDG CIPUTAT,2023-04-27
RH4N94624,SJ/SMR/MT/23/IV/0883,IDG CIPUTAT,2023-04-27
RH4N97141,SJ/SMR/MT/23/IV/0884,IDG CIKOKOL,2023-04-27
FH4M58310,SJ/SMR/MT/22/IV/0885,IDG BOGOR,2023-04-27
RH4N88574,SJ/SMR/MT/23/IV/0886,IDM PALEMBANG,2023-04-27
RH4N87711,SJ/SMR/MT/23/IV/0887,IDM BANDUNG,2023-04-27
RH4N86700,SJ/SMR/MT/23/IV/0888,IDM KLATEN,2023-04-27
RH4N84030,SJ/SMR/MT/23/IV/0889,IDM LAMPUNG,2023-04-27
RH4N80189,SJ/SMR/MT/23/IV/0890,IDM JAKARTA 2,2023-04-27
RH4N80194,SJ/SMR/MT/23/IV/0891,IDM JAKARTA 1,2023-04-27
RH4N77508,SJ/SMR/MT/23/IV/0892,IDM BOGOR 2,2023-04-27
RH4N77513,SJ/SMR/MT/23/IV/0893,IDM BOGOR 1,2023-04-27
MH4N24609,SJ/SMR/MT/23/IV/0895,IDG KEMAYORAN,2023-04-27
MH4N23665,SJ/SMR/MT/23/IV/0896,IDG PONTIANAK,2023-04-27
RH4N86275,SJ/SMR/MT/23/IV/0897,IDM CIREBON,2023-04-27
RH4N93690,SJ/SMR/MT/23/IV/0885,IDG BOGOR,2023-04-27
3H5N24935,SJ/SMR/MT/23/V/0949,IDG SOLO,2023-05-03
SH4N21689,Sj/SMR/MT/23/V/0927,IDM PARUNG,2023-05-02
SH4N21613,Sj/SMR/MT/23/V/0928,IDM TANGERANG 2,2023-05-02
1H5N72930,Sj/SMR/MT/23/V/0931,IDG CIPINANG,2023-05-02
1H5N72199,Sj/SMR/MT/23/V/0932,IDG CIPINANG,2023-05-02
1H5N78947,Sj/SMR/MT/23/V/0933,IDG CIPUTAT,2023-05-02
1H5N84004,Sj/SMR/MT/23/V/0934,IDG KEMAYORAN,2023-05-02
1H5N85091,Sj/SMR/MT/23/V/0935,IDG KARAWANG,2023-05-02
TH4N61453,Sj/SMR/MT/23/V/0936,IDG BOGOR,2023-05-02
TH4N59920,Sj/SMR/MT/23/V/0938,IDM PONTIANAK BARU,2023-05-02
TH4N59920,Sj/SMR/MT/23/V/0938,IDM PONTIANAK BARU,2023-05-02
3H5N29303,SJ/SMR/MT/23/V/0953,IDG KEMAYORAN,2023-05-04
4H5N56795,SJ/SMR/MT/23/V/0960,IDG KARAWANG,2023-05-04
4H5N55201,SJ/SMR/MT/23/V/0961,IDG KEMAYORAN,2023-05-04
4H5N48061,SJ/SMR/MT/23/V/0962,IDM LEBAK,2023-05-04
4H5N45474,SJ/SMR/MT/23/V/0963,IDM TANGERANG 1,2023-05-04
4H5N45474,SJ/SMR/MT/23/V/0963,IDM TANGERANG 1,2023-05-04
4H5N45474,SJ/SMR/MT/23/V/0963,IDM TANGERANG 1,2023-05-04
4H5N45488,SJ/SMR/MT/23/V/0964,IDM TANGERANG 1,2023-05-04
4H5N44283,SJ/SMR/MT/23/V/0965,IDM KLATEN,2023-05-04
4H5N51125,SJ/SMR/MT/23/V/0966,IDG SAMARINDA,2023-05-04
4H5N51125,SJ/SMR/MT/23/V/0966,IDG SAMARINDA,2023-05-04
4H5N39378,SJ/SMR/MT/23/V/0967,IDM BOGOR 1,2023-05-04
4H5N39378,SJ/SMR/MT/23/V/0967,IDM BOGOR 1,2023-05-04
4H5N39428,SJ/SMR/MT/23/V/0968,IDM BOGOR 1,2023-05-04
4H5N41315,SJ/SMR/MT/23/V/0969,IDM BEKASI,2023-05-04
4H5N41357,SJ/SMR/MT/23/V/0970,IDM BEKASI,2023-05-04
4H5N41573,SJ/SMR/MT/23/V/0971,IDM JAKARTA 1,2023-05-04
4H5N38302,SJ/SMR/MT/23/V/0972,IDM BENGKULU,2023-05-04
4H5N33556,SJ/SMR/MT/23/V/0973,IDM BOGOR 2,2023-05-04
4H5N33564,SJ/SMR/MT/23/V/0974,IDM BOGOR 2,2023-05-04
5H5N74645,SJ/SMR/MT/23/V/0982,IDM CIREBON,2023-05-05
5H5N74645,SJ/SMR/MT/23/V/0982,IDM CIREBON,2023-05-05
5H5N6004,SJ/SMR/MT/23/V/0983,IDM GRESIK,2023-05-05
6H5N15828,SJ/SMR/MT/23/V/0995,IDG SEMARANG,2023-05-08
9H5N61515,SJ/SMR/MT/23/V/1007,IDG LAMPUNG,2023-05-09
AH5N74041,SJ/SMR/MT/23/V/1031,IDM BANDUNG,2023-05-10
BH5N16671,SJ/SMR/MT/23/V/1051,IDG CIPUTAT,2023-05-11
BH5N07860,SJ/SMR/MT/23/V/1052,IDM SEMARANG,2023-05-11
BH5N02642,SJ/SMR/MT/23/V/1053,IDM TANGERANG 2,2023-05-11
BH5N05209,SJ/SMR/MT/23/V/1054,IDM BANDUNG,2023-05-11
BH5N06182,SJ/SMR/MT/23/V/1055,IDM PARUNG,2023-05-11
BH5N02918,SJ/SMR/MT/23/V/1056,IDM BOGOR 2,2023-05-11
BH5N02920,SJ/SMR/MT/23/V/1057,IDM BOGOR 2,2023-05-11
8H5N32453,SJ/SMR/MT/23/V/0997,IDG KARAWANG,2023-05-08
DH5N64020,SJ/SMR/MT/23/V/1078,IDM MALANG,2023-05-16
DH5N64020,SJ/SMR/MT/23/V/1078,IDM MALANG,2023-05-16
DH5N64020,SJ/SMR/MT/23/V/1078,IDM MALANG,2023-05-16
DH5N65462,SJ/SMR/MT/23/V/1077,IDM SURABAYA,2023-05-16
DH5N71946,SJ/SMR/MT/23/V/1076,IDM PONTIANAK BARU,2023-05-16
DH5N71946,SJ/SMR/MT/23/V/1076,IDM PONTIANAK BARU,2023-05-16
DH5N80264,SJ/SMR/MT/23/V/1075,IDG SEMARANG,2023-05-15
DH5N80264,SJ/SMR/MT/23/V/1075,IDG SEMARANG,2023-05-15
IH5N77021,SJ/SMR/MT/23/V/1103,IDM BOGOR 2,2023-05-19
IH5N80397,SJ/SMR/MT/23/V/1104,IDM JAKARTA 1,2023-05-22
IH5N84636,SJ/SMR/MT/23/V/1101,IDM LAMPUNG,2023-05-22
IH5N81457,SJ/SMR/MT/23/V/1102,IDM JEMBER,2023-05-22
IH5N95366,SJ/SMR/MT/23/V/1100,IDG SAMARINDA,2023-05-19
IH5N95366,SJ/SMR/MT/23/V/1100,IDG SAMARINDA,2023-05-19
IH5N00498,SJ/SMR/MT/23/V/1098,IDG KEMAYORAN,2023-05-19
IH5N94825,SJ/SMR/MT/23/V/1099,IDG CIPUTAT,2023-05-19
MH5N56182,SJ/SMR/MT/23/V/1120,IDG KEMAYORAN,2023-05-22
KH5N41341,SJ/SMR/MT/23/V/1122,IDG SOLO,2023-05-22
NH5N92192,SJ/SMR/MT/23/V/1131,IDG LAMPUNG,2023-05-23
NH5N92192,SJ/SMR/MT/23/V/1131,IDG LAMPUNG,2023-05-23
PH5N46795,SJ/SMR/MT/23/V/1157,IDG KEMAYORAN,2023-05-25
PH5N36148,SJ/SMR/MT/23/V/1158,IDM JEMBER,2023-05-25
PH5N35815,SJ/SMR/MT/23/V/1159,IDM PALEMBANG,2023-05-25
PH5N35976,SJ/SMR/MT/23/V/1160,IDM TANGERANG 1,2023-05-25
PH5N34793,SJ/SMR/MT/23/V/1161,IDM KLATEN,2023-05-25
PH5N33808,SJ/SMR/MT/23/V/1162,IDM SURABAYA,2023-05-25
PH5N52373,SJ/SMR/MT/23/V/1171,IDM PALOPO,2023-05-25
MH5N50252,SJ/SMR/MT/23/V/1121,IDG CIPUTAT,2023-05-22
QH5N63065,SJ/SMR/MT/23/V/1175,IDM LEBAK,2023-05-26
QH5N63734,SJ/SMR/MT/23/V/1176,IDM GRESIK,2023-05-26
TH5N23175,SJ/SMR/MT/23/V/1186,IDG CIPUTAT,2023-05-29
RH5N07184,SJ/SMR/MT/23/V/1187,IDM PONTIANAK BARU,2023-05-29
RH5N07184,SJ/SMR/MT/23/V/1187,IDM PONTIANAK BARU,2023-05-29
RH5N07184,SJ/SMR/MT/23/V/1187,IDM PONTIANAK BARU,2023-05-29
RH5N99795,SJ/SMR/MT/23/V/1188,IDM CIREBON,2023-05-29
RH5N99795,SJ/SMR/MT/23/V/1188,IDM CIREBON,2023-05-29
RH5N98052,SJ/SMR/MT/23/V/1189,IDM LAMPUNG,2023-05-29
UH5N43843,SJ/SMR/MT/23/V/1191,IDM BANDUNG,2023-05-31
1H6N37457,SJ/SMR/MT/23/VI/1208,IDG KARAWANG,2023-06-02
5H6N98895,SJ/SMR/MT/23/VI/1242,IDG KARAWANG,2023-06-05
5H6N97932,SJ/SMR/MT/23/VI/1243,IDG KEMAYORAN,2023-06-05
3H6N83598,SJ/SMR/MT/23/VI/1244,IDG SOLO,2023-06-05
1H6N26237,SJ/SMR/MT/23/VI/1210,IDG CIPUTAT,2023-06-02
1H6N25651,SJ/SMR/MT/23/VI/1211,IDG SAMARINDA,2023-06-02
1H6N12951,SJ/SMR/MT/23/VI/1212,IDM SURABAYA,2023-06-02
1H6N12951,SJ/SMR/MT/23/VI/1212,IDM SURABAYA,2023-06-02
1H6N17840,SJ/SMR/MT/23/VI/1213,IDM TANGERANG 2,2023-06-02
1H6N14841,SJ/SMR/MT/23/VI/1214,IDM PALEMBANG,2023-06-02
1H6N10738,SJ/SMR/MT/23/VI/1215,IDM GRESIK,2023-06-02
1H6N10738,SJ/SMR/MT/23/VI/1215,IDM GRESIK,2023-06-02
1H6N12553,SJ/SMR/MT/23/VI/1216,IDM BANDUNG,2023-06-02
1H6N17522,SJ/SMR/MT/23/VI/1217,IDM SEMARANG,2023-06-02
1H6N17522,SJ/SMR/MT/23/VI/1217,IDM SEMARANG,2023-06-02
1H6N10843,SJ/SMR/MT/23/VI/1218,IDM KLATEN,2023-06-02
1H6N11076,SJ/SMR/MT/23/VI/1219,IDM BOGOR 1,2023-06-02
1H6N18184,SJ/SMR/MT/23/VI/1220,IDM MALANG,2023-06-02
1H6N09270,SJ/SMR/MT/23/VI/1221,IDM TANGERANG 1,2023-06-02
6H6N18752,SJ/SMR/MT/23/VI/1254,IDM MALANG,2023-06-08
7H6N47786,SJ/SMR/MT/23/VI/1262,IDM JOMBANG,2023-06-08
7H6N47590,SJ/SMR/MT/23/VI/1263,IDM CIREBON,2023-06-08
7H6N47590,SJ/SMR/MT/23/VI/1263,IDM CIREBON,2023-06-08
7H6N64692,Sj/SMR/MT/23/VI/1267,IDG SAMARINDA,2023-06-08
8H6N78400,Sj/SMR/MT/23/VI/1275,IDM PALEMBANG,2023-06-08
8H6N78400,Sj/SMR/MT/23/VI/1275,IDM PALEMBANG,2023-06-08
8H6N84569,Sj/SMR/MT/23/VI/1276,IDG CIPUTAT,2023-06-08
8H6N75583,Sj/SMR/MT/23/VI/1277,IDM BOGOR 1,2023-06-08
8H6N77186,Sj/SMR/MT/23/VI/1278,IDM TANGERANG 2,2023-06-08
8H6N84960,Sj/SMR/MT/23/VI/1279,IDG SAMARINDA,2023-06-08
8H6N72549,Sj/SMR/MT/23/VI/1280,IDM SURABAYA,2023-06-08
8H6N72549,Sj/SMR/MT/23/VI/1280,IDM SURABAYA,2023-06-08
8H6N77454,Sj/SMR/MT/23/VI/1281,IDM LAMPUNG,2023-06-08
8H6N78943,Sj/SMR/MT/23/VI/1282,IDM PEKANBARU,2023-06-08
8H6N78943,Sj/SMR/MT/23/VI/1282,IDM PEKANBARU,2023-06-08
8H6N73027,Sj/SMR/MT/23/VI/1283,IDM BEKASI,2023-06-08
8H6N73032,Sj/SMR/MT/23/VI/1284,IDM BEKASI,2023-06-08
DH6N01877,SJ/SMR/MT/23/VI/1311,IDG JAMBI,2023-06-13
DH6N82276,SJ/SMR/MT/23/VI/1316,IDM GRESIK,2023-06-13
DH6N82276,SJ/SMR/MT/23/VI/1316,IDM GRESIK,2023-06-13
DH6N86153,SJ/SMR/MT/23/VI/1317,IDM MALANG,2023-06-13
DH6N86153,SJ/SMR/MT/23/VI/1317,IDM MALANG,2023-06-13
DH6N02168,SJ/SMR/MT/23/VI/1320,IDG JAMBI,2023-06-13
CH6N66937,SJ/SMR/MT/23/VI/1302,IDG KEMAYORAN,2023-06-12
CH6N69831,SJ/SMR/MT/23/VI/1307,IDG JAMBI,2023-06-12
HH6N10052,SJ/SMR/MT/23/VI/1368,IDM PONTIANAK BARU,2023-06-19
HH6N10052,SJ/SMR/MT/23/VI/1368,IDM PONTIANAK BARU,2023-06-19
JH6N41344,SJ/SMR/MT/23/VI/1370,IDG JAMBI,2023-06-19
GH6N66861,SJ/SMR/MT/23/VI/1353,IDM PARUNG,2023-06-16
GH6N66862,SJ/SMR/MT/23/VI/1354,IDM PARUNG,2023-06-16
MH5N60507,SJ/SMR/MT/23/VI/1145,IDG YOGYA,2023-06-20
KH6N65123,SJ/SMR/MT/23/VI/1375,IDG BANJARMASIN,2023-06-20
KH6N58458,SJ/SMR/MT/23/VI/1376,IDM GRESIK,2023-06-20
KH6N58458,SJ/SMR/MT/23/VI/1376,IDM GRESIK,2023-06-20
KH6N61801,SJ/SMR/MT/23/VI/1377,IDM PALEMBANG,2023-06-20
FH6N45100,SJ/SMR/MT/23/VI/1331,IDM SURABAYA,2023-06-15
FH6N43726,SJ/SMR/MT/23/VI/1332,IDM JAKARTA 1,2023-06-15
FH6N42730,SJ/SMR/MT/23/VI/1333,IDM PARUNG,2023-06-15
FH6N42730,SJ/SMR/MT/23/VI/1333,IDM PARUNG,2023-06-15
FH6N41573,SJ/SMR/MT/23/VI/1334,IDM BEKASI,2023-06-15
FH6N41573,SJ/SMR/MT/23/VI/1334,IDM BEKASI,2023-06-15
FH6N41574,SJ/SMR/MT/23/VI/1335,IDM BEKASI,2023-06-15
FH6N41319,SJ/SMR/MT/23/VI/1336,IDM JEMBER,2023-06-15
FH6N40529,SJ/SMR/MT/23/VI/1337,IDM MEDAN,2023-06-15
FH6N38304,SJ/SMR/MT/23/VI/1338,IDM PALOPO,2023-06-15
FH6N39504,SJ/SMR/MT/23/VI/1339,IDM TANGERANG 1,2023-06-15
FH6N39505,SJ/SMR/MT/23/VI/1340,IDM TANGERANG 1,2023-06-15
FH6N37375,SJ/SMR/MT/23/VI/1341,IDM KLATEN,2023-06-15
FH6N37378,SJ/SMR/MT/23/VI/1342,IDM KLATEN,2023-06-15
FH6N39307,SJ/SMR/MT/23/VI/1343,IDM BANDUNG,2023-06-15
FH6N36819,SJ/SMR/MT/23/VI/1344,IDM LEBAK,2023-06-15
FH6N38601,SJ/SMR/MT/23/VI/1345,IDM PALEMBANG,2023-06-15
FH6N38604,SJ/SMR/MT/23/VI/1346,IDM PALEMBANG,2023-06-15
FH6N38604,SJ/SMR/MT/23/VI/1346,IDM PALEMBANG,2023-06-15
NH6N44732,SJ/SMR/MT/23/VI/1410,IDM GRESIK,2023-06-23
NH6N39536,SJ/SMR/MT/23/VI/1411,IDM PONTIANAK BARU,2023-06-23
NH6N39537,SJ/SMR/MT/23/VI/1412,IDM PONTIANAK BARU,2023-06-23
MH6N30606,SJ/SMR/MT/23/VI/1393,IDG KEMAYORAN,2023-06-22
MH6N21433,SJ/SMR/MT/23/VI/1395,IDM SURABAYA,2023-06-22
MH6N20747,SJ/SMR/MT/23/VI/1396,IDM SEMARANG,2023-06-22
MH6N23829,SJ/SMR/MT/23/VI/1397,IDG CIPUTAT,2023-06-22
MH6N22052,SJ/SMR/MT/23/VI/1398,IDM TANGERANG 2,2023-06-22
MH6N22054,SJ/SMR/MT/23/VI/1399,IDM TANGERANG 2,2023-06-22
MH6N24305,SJ/SMR/MT/23/VI/1400,IDG SAMARINDA,2023-06-22
MH6N12427,SJ/SMR/MT/23/VI/1401,IDM BANDUNG,2023-06-22
MH6N15075,SJ/SMR/MT/23/VI/1402,IDM PEKANBARU,2023-06-22
MH6N10073,SJ/SMR/MT/23/VI/1405,IDM KLATEN,2023-06-22
MH6N14301,SJ/SMR/MT/23/VI/1406,IDM BEKASI,2023-06-22
MH6N09157,SJ/SMR/MT/23/VI/1407,IDM BENGKULU,2023-06-22
OH6N64591,SJ/SMR/MT/23/VI/1424,IDM PONTIANAK BARU,2023-06-26
QH6N90424,SJ/SMR/MT/23/VI/1425,IDG CIPINANG,2023-06-26
QH6N02209,SJ/SMR/MT/23/VI/1426,IDG KEMAYORAN,2023-06-26
AH6N40461,SJ/SMR/MT/23/VI/1303,IDM PONTIANAK BARU,2023-06-12
AH6N31188,SJ/SMR/MT/23/VI/1304,IDM MANADO BARU,2023-06-12
AH6N29459,SJ/SMR/MT/23/VI/1305,IDM PARUNG,2023-06-12
AH6N35143,SJ/SMR/MT/23/VI/1306,IDM PALOPO,2023-06-12
CH6N69831,SJ/SMR/MT/23/VI/1307,IDG JAMBI,2023-06-12
CH6N69831,SJ/SMR/MT/23/VI/1307,IDG JAMBI,2023-06-12
LH6N82357,SJ/SMR/MT/23/VI/1383,IDM BANJARMASIN,2023-06-21
LH6N82357,SJ/SMR/MT/23/VI/1383,IDM BANJARMASIN,2023-06-21
QH6N04560,SJ/SMR/MT/23/VI/1429,IDG YOGYA,2023-06-27
QH6N08287,SJ/SMR/MT/23/VI/1433,IDG JAMBI,2023-06-27
RH6N43473,SJ/SMR/MT/23/VI/1443,IDG SAMARINDA,2023-06-28
3H7N66184,SJ/SMR/MT/23/VII/1469,IDG CIPUTAT,2023-07-04
3H7N70946,SJ/SMR/MT/23/VII/1470,IDG KEMAYORAN,2023-07-04
3H7N74460,SJ/SMR/MT/23/VII/1481,IDG JAMBI,2023-07-04
3H7N74460,SJ/SMR/MT/23/VII/1481,IDG JAMBI,2023-07-04
3H7N76230,SJ/SMR/MT/23/VII/1484,IDG JAMBI,2023-07-04
4H7N03723,SJ/SMR/MT/23/VII/1491,IDG LAMPUNG,2023-07-04
5H7N37302,SJ/SMR/MT/23/VII/1502,IDG MANADO,2023-07-05
5H7N37302,SJ/SMR/MT/23/VII/1502,IDG MANADO,2023-07-05
5H7N10468,SJ/SMR/MT/23/VII/1503,IDG MEDAN,2023-07-05
6H7N62684,SJ/SMR/MT/23/VII/1511,IDG CIKOKOL,2023-07-06
6H7N62684,SJ/SMR/MT/23/VII/1511,IDG CIKOKOL,2023-07-06
6H7N61668,SJ/SMR/MT/23/VII/1512,IDG CIPUTAT,2023-07-06
6H7N53465,SJ/SMR/MT/23/VII/1513,IDM SURABAYA,2023-07-06
6H7N53465,SJ/SMR/MT/23/VII/1513,IDM SURABAYA,2023-07-06
6H7N53952,SJ/SMR/MT/23/VII/1514,IDM BOGOR 1,2023-07-06
TH6N91839,SJ/SMR/MT/23/VI/1461,IDG CIPUTAT,2023-06-30
BH7N82727,SJ/SMR/MT/23/VII/1556,IDG LAMPUNG,2023-07-11
BH7N82727,SJ/SMR/MT/23/VII/1556,IDG LAMPUNG,2023-07-11
7H7N77689,SJ/SMR/MT/23/VII/1533,IDM BOGOR 2,2023-07-07
TH6N85903,SJ/SMR/MT/23/VI/1460,IDM JEMBER,2023-07-07
TH6N91279,SJ/SMR/MT/23/VI/1463,IDM BANDUNG,2023-06-30
TH6N91279,SJ/SMR/MT/23/VI/1463,IDM BANDUNG,2023-06-30
TH6N87412,SJ/SMR/MT/23/VI/1464,IDM TANGERANG 1,2023-06-30
TH6N87412,SJ/SMR/MT/23/VI/1464,IDM TANGERANG 1,2023-06-30
TH6N85626,SJ/SMR/MT/23/VI/1465,IDM PARUNG,2023-06-30
6H7N53951,SJ/SMR/MT/23/VII/1515,IDM BOGOR 1,2023-07-06
6H7N51435,SJ/SMR/MT/23/VII/1516,IDM PALEMBANG,2023-07-06
6H7N54923,SJ/SMR/MT/23/VII/1517,IDM LAMPUNG,2023-07-06
6H7N47600,SJ/SMR/MT/23/VII/1518,IDM PALOPO,2023-07-06
6H7N52489,SJ/SMR/MT/23/VII/1519,IDM JAKARTA 1,2023-07-06
6H7N42714,SJ/SMR/MT/23/VII/1520,IDG BINTARA,2023-07-06
6H7N42714,SJ/SMR/MT/23/VII/1520,IDG BINTARA,2023-07-06
6H7N42714,SJ/SMR/MT/23/VII/1520,IDG BINTARA,2023-07-06
6H7N47394,SJ/SMR/MT/23/VII/1521,IDM GRESIK,2023-07-06
6H7N46298,SJ/SMR/MT/23/VII/1522,IDM BOGOR 2,2023-07-06
6H7N46298,SJ/SMR/MT/23/VII/1522,IDM BOGOR 2,2023-07-06
6H7N46299,SJ/SMR/MT/23/VII/1523,IDM BOGOR 2,2023-07-06
6H7N48504,SJ/SMR/MT/23/VII/1524,IDM TANGERANG 1,2023-07-06
8H7N05834,SJ/SMR/MT/23/VII/1540,IDM LEBAK,2023-07-10
EH7N52010,SJ/SMR/MT/23/VII/1599,IDM CIREBON,2023-07-14
EH7N52010,SJ/SMR/MT/23/VII/1599,IDM CIREBON,2023-07-14
EH7N48526,SJ/SMR/MT/23/VII/1598,IDM BENGKULU,2023-07-14
DH7N15514,SJ/SMR/MT/23/VII/1573,IDG CIPINANG,2023-07-13
DH7N18691,SJ/SMR/MT/23/VII/1574,IDM BOGOR 2,2023-07-13
DH7N18690,SJ/SMR/MT/23/VII/1575,IDM BOGOR 2,2023-07-13
DH7N18690,SJ/SMR/MT/23/VII/1575,IDM BOGOR 2,2023-07-13
DH7N18690,SJ/SMR/MT/23/VII/1575,IDM BOGOR 2,2023-07-13
DH7N18166,SJ/SMR/MT/23/VII/1576,IDM PALOPO,2023-07-13
DH7N18166,SJ/SMR/MT/23/VII/1576,IDM PALOPO,2023-07-13
DH7N21704,SJ/SMR/MT/23/VII/1577,IDM MEDAN,2023-07-13
DH7N20780,SJ/SMR/MT/23/VII/1578,IDM PEKANBARU,2023-07-13
DH7N23471,SJ/SMR/MT/23/VII/1579,IDM PARUNG,2023-07-13
DH7N23125,SJ/SMR/MT/23/VII/1580,IDM TANGERANG 1,2023-07-13
DH7N24340,SJ/SMR/MT/23/VII/1581,IDM LAMPUNG,2023-07-13
DH7N24340,SJ/SMR/MT/23/VII/1581,IDM LAMPUNG,2023-07-13
DH7N24340,SJ/SMR/MT/23/VII/1581,IDM LAMPUNG,2023-07-13
DH7N24340,SJ/SMR/MT/23/VII/1581,IDM LAMPUNG,2023-07-13
DH7N24339,SJ/SMR/MT/23/VII/1582,IDM LAMPUNG,2023-07-13
DH7N25494,SJ/SMR/MT/23/VII/1583,IDM JAKARTA 1,2023-07-13
DH7N24756,SJ/SMR/MT/23/VII/1584,IDM JEMBER,2023-07-13
DH7N23499,SJ/SMR/MT/23/VII/1585,IDM TANGERANG 2,2023-07-13
DH7N23499,SJ/SMR/MT/23/VII/1585,IDM TANGERANG 2,2023-07-13
DH7N27549,SJ/SMR/MT/23/VII/1586,IDM PALEMBANG,2023-07-13
DH7N26005,SJ/SMR/MT/23/VII/1587,IDM BANDUNG,2023-07-13
DH7N26005,SJ/SMR/MT/23/VII/1587,IDM BANDUNG,2023-07-13
DH7N34713,SJ/SMR/MT/23/VII/1588,IDG CIPUTAT,2023-07-13
FH7N77784,SJ/SMR/MT/23/VII/1607,IDM JOMBANG,2023-07-17
FH7N79145,SJ/SMR/MT/23/VII/1608,IDM PURWAKARTA,2023-07-17
IH7N43187,SJ/SMR/MT/23/VII/1619,IDG BOGOR,2023-07-18
IH7N43789,SJ/SMR/MT/23/VII/1620,IDG SAMARINDA,2023-07-18
IH7N44275,SJ/SMR/MT/23/VII/1621,IDG CIPUTAT,2023-07-18
IH7N49456,SJ/SMR/MT/23/VII/1622,IDG CIKOKOL,2023-07-18
OH7N70427,SJ/SMR/MT/23/VII/1681,IDG CIPINANG,2023-07-24
OH7N76842,SJ/SMR/MT/23/VII/1682,IDG CIPUTAT,2023-07-24
JH7N67741,SJ/SMR/MT/23/VII/1626,IDM TANGERANG 1,2023-07-20
JH7N63495,SJ/SMR/MT/23/VII/1638,IDG BINTARA,2023-07-20
JH7N68752,SJ/SMR/MT/23/VII/1639,IDM JAKARTA 1,2023-07-20
JH7N66191,SJ/SMR/MT/23/VII/1640,IDM BEKASI,2023-07-20
JH7N66189,SJ/SMR/MT/23/VII/1641,IDM BEKASI,2023-07-20
JH7N66800,SJ/SMR/MT/23/VII/1642,IDM LEBAK,2023-07-20
JH7N72907,SJ/SMR/MT/23/VII/1643,IDM MEDAN,2023-07-20
JH7N72907,SJ/SMR/MT/23/VII/1643,IDM MEDAN,2023-07-20
JH7N68438,SJ/SMR/MT/23/VII/1644,IDM CIREBON,2023-07-20
JH7N69564,SJ/SMR/MT/23/VII/1645,IDM JEMBER,2023-07-20
JH7N70879,SJ/SMR/MT/23/VII/1646,IDM PALOPO,2023-07-20
JH7N75562,SJ/SMR/MT/23/VII/1647,IDM PALEMBANG,2023-07-20
JH7N70905,SJ/SMR/MT/23/VII/1648,IDM GRESIK,2023-07-20
JH7N71271,SJ/SMR/MT/23/VII/1649,IDM GRESIK,2023-07-20
JH7N73498,SJ/SMR/MT/23/VII/1650,IDM BOGOR 1,2023-07-20
JH7N73497,SJ/SMR/MT/23/VII/1651,IDM BOGOR 1,2023-07-20
LH7N04521,SJ/SMR/MT/23/VII/1665,IDM PONTIANAK BARU,2023-07-21
LH7N10206,SJ/SMR/MT/23/VII/1666,IDM KLATEN,2023-07-21
LH7N10195,SJ/SMR/MT/23/VII/1667,IDM KLATEN,2023-07-21
PH7N93444,SJ/SMR/MT/23/VII/1689,IDM PONTIANAK BARU,2023-07-25
PH7N93444,SJ/SMR/MT/23/VII/1689,IDM PONTIANAK BARU,2023-07-25
RH7N60017,SJ/SMR/MT/23/VII/1707,IDM TANGERANG 2,2023-07-27
RH7N59805,SJ/SMR/MT/23/VII/1708,IDM BOGOR 2,2023-07-27
RH7N59804,SJ/SMR/MT/23/VII/1709,IDM BOGOR 2,2023-07-27
RH7N60839,SJ/SMR/MT/23/VII/1710,IDM BOGOR 1,2023-07-27
RH7N61690,SJ/SMR/MT/23/VII/1711,IDM MEDAN,2023-07-27
RH7N61690,SJ/SMR/MT/23/VII/1711,IDM MEDAN,2023-07-27
RH7N61666,SJ/SMR/MT/23/VII/1712,IDM TANGERANG 1,2023-07-27
RH7N59528,SJ/SMR/MT/23/VII/1713,IDM KLATEN,2023-07-27
RH7N59528,SJ/SMR/MT/23/VII/1713,IDM KLATEN,2023-07-27
RH7N62335,SJ/SMR/MT/23/VII/1714,IDM JEMBER,2023-07-27
RH7N58497,SJ/SMR/MT/23/VII/1715,IDM PALOPO,2023-07-27
RH7N63403,SJ/SMR/MT/23/VII/1716,IDM PARUNG,2023-07-27
RH7N64886,SJ/SMR/MT/23/VII/1717,IDM LAMPUNG,2023-07-27
RH7N65688,SJ/SMR/MT/23/VII/1718,IDM JAKARTA 1,2023-07-27
RH7N64908,SJ/SMR/MT/23/VII/1719,IDM MALANG,2023-07-27
RH7N64909,SJ/SMR/MT/23/VII/1720,IDM MALANG,2023-07-27
RH7N68451,SJ/SMR/MT/23/VII/1721,IDM SEMARANG,2023-07-27
RH7N67929,SJ/SMR/MT/23/VII/1722,IDM SURABAYA,2023-07-27
RH7N67930,SJ/SMR/MT/23/VII/1723,IDM SURABAYA,2023-07-27
RH7N77715,SJ/SMR/MT/23/VII/1724,IDG CIKOKOL,2023-07-27
VH7N48799,SJ/SMR/MT/23/VII/1736,IDG BINTARA,2023-07-31
TH7N43475,SJ/SMR/MT/23/VII/1737,IDG PONTIANAK,2023-07-31
TH7N43475,SJ/SMR/MT/23/VII/1737,IDG PONTIANAK,2023-07-31
TH7N45069,SJ/SMR/MT/23/VII/1738,IDG SOLO,2023-07-31
TH7N24901,SJ/SMR/MT/23/VII/1739,IDM BEKASI,2023-07-31
TH7N24902,SJ/SMR/MT/23/VII/1740,IDM BEKASI,2023-07-31
1H8N73052,SJ/SMR/MT/23/VII/1760,IDM PONTIANAK BARU,2023-08-01
1H8N73052,SJ/SMR/MT/23/VII/1760,IDM PONTIANAK BARU,2023-08-01
1H8N91077,SJ/SMR/MT/23/VII/1761,IDG YOGYA,2023-08-01
HH8N21469  ,SJ/SMR/MT/23/VIII/1937,IDG BATAM,2023-08-31
HH8N21474  ,SJ/SMR/MT/23/VIII/1938,IDG BATAM,2023-08-31